canonical_smiles,molecule_chembl_id
CCCCNC(=O)C[C@H](O)[C@H](Cc1ccccc1)NC(=O)C1CN(CCOCCc2ccccc2)CCN1C(=O)CCc1cc(OC)c(OC)c(OC)c1,CHEMBL431861
CCCCNC(=O)C[C@H](O)[C@H](Cc1ccccc1)NC(=O)C1CN(C(=O)CCCCC(=O)OCC)CCN1C(=O)CCc1cc(OC)c(OC)c(OC)c1,CHEMBL324234
CCCCNC(=O)C[C@H](O)[C@H](Cc1ccccc1)NC(=O)CC1CN(Cc2cc(OC)c(OC)c(OC)c2)CCN1C(=O)c1ccc(OC(C)C)cc1,CHEMBL107770
CCCCNC(=O)C[C@H](O)[C@H](CC(C)C)NC(=O)[C@@H](NC(=O)c1ccc2cc(C(=O)N[C@H](CC(C)C)C(=O)N[C@H](CCCCN)C(=O)NCCCC(C)Nc3cc(OC)cc4cccnc34)ccc2c1)[C@H](C)CC,CHEMBL1790773
CCCCNC(=O)C[C@H](O)[C@H](CC(C)C)NC(=O)[C@@H](NC(=O)CCC(=O)N[C@@H](CC(C)C)C(=O)N[C@@H](CCCCN)C(=O)NCCCC(C)Nc1cc(OC)cc2cccnc12)[C@H](C)CC,CHEMBL1790775
CCCCNC(=O)C[C@H](O)[C@H](CC(C)C)NC(=O)[C@@H](NC(=O)c1ccc(Oc2ccc(C(=O)N[C@@H](CC(C)C)C(=O)O)cc2)cc1)C(C)CC,CHEMBL98043
COc1cc(NC(C)CCCNC(=O)[C@@H](N)CCCCN)c2ncccc2c1,CHEMBL102007
CCCCNC(=O)C[C@H](O)[C@H](CC(C)C)NC(=O)[C@@H](NC(=O)c1ccc(Oc2ccc(C(=O)N[C@H](CC(C)C)C(=O)N[C@H](CCCCN)C(=O)NCCCC(C)Nc3cc(OC)cc4cccnc34)cc2)cc1)[C@H](C)CC,CHEMBL1790774
CCCCNC(=O)C[C@H](O)[C@H](CC(C)C)NC(=O)[C@@H](NC(=O)Cc1ccc(CC(=O)N[C@@H](CC(C)C)C(=O)N[C@@H](CCCCN)C(=O)NCCCC(C)Nc2cc(OC)cc3cccnc23)cc1)[C@H](C)CC,CHEMBL1790776
CCCCNC(=O)C[C@H](O)[C@H](CC(C)C)NC(=O)[C@@H](NC(=O)c1ccc2cc(C(=O)OCCCC(=O)N[C@H](CC(C)C)C(=O)N[C@H](CCCCN)C(=O)NCCCC(C)Nc3cc(OC)cc4cccnc34)ccc2c1)[C@H](C)CC,CHEMBL1790772
CCCCNC(=O)C[C@H](O)[C@H](CC(C)C)NC(=O)[C@@H](NC(=O)Cc1ccc2ccccc2c1)C(C)CC,CHEMBL115048
CC(C)[C@H](NC(=O)CC(C)(C)C)C(=O)NC1CCCCNC(=O)CC[C@H](C(=O)NCC(N)=O)NC(=O)[C@H](C(C)C)NC(=O)C[C@H](O)[C@@H](Cc2ccccc2)NC1=O,CHEMBL323685
CCCCCc1ccc(C(=O)N(CCCc2ccccc2)C2CCN(Cc3ccccc3)CC2)cc1,CHEMBL221276
CCCCCc1ccc(C(=O)N(CCN(CCCC)CCCC)Cc2ccc(-c3ccc4c(c3)OCO4)cc2)cc1,CHEMBL374329
CCCCCc1ccc(C(=O)N(CCN2CCCCC2)Cc2ccc(C(F)(F)F)cc2)cc1,CHEMBL219895
CCCCCc1ccc(C(=O)N(Cc2ccc(-c3ccc(CC(=O)OC)cc3)cc2)C2CCN(CCC(C)C)CC2)cc1,CHEMBL375124
CCCCCc1ccc(C(=O)N(CCN(CCCC)CCCC)Cc2ccc(N(C)c3ccncc3)cc2)cc1,CHEMBL375970
CCCCCc1ccc(C(=O)N(CCN(CCCC)CCCC)Cc2ccc(Nc3ccncc3)cc2)cc1,CHEMBL375835
CCCCCc1ccc(C(=O)N(CCN(CCCC)CCCC)Cc2ccc(N(C)c3ccccc3)cc2)cc1,CHEMBL375310
CCCCCc1ccc(C(=O)N(CCN(CCCC)CCCC)Cc2ccc(Nc3ccccc3)cc2)cc1,CHEMBL375169
CCCCCc1ccc(C(=O)N(CCN(CCCC)CCCC)Cc2ccc(N(C)Cc3ccccc3)cc2)cc1,CHEMBL375225
CCCCCc1ccc(C(=O)N(CCN(CCCC)CCCC)Cc2ccc(NCc3ccccc3)cc2)cc1,CHEMBL219717
CCCCCc1ccc(C(=O)N(CCN(CCCC)CCCC)Cc2ccc(N3CCN(Cc4ccccc4)CC3)cc2)cc1,CHEMBL223345
CCCCCc1ccc(C(=O)N(CCN(CCCC)CCCC)Cc2ccc(N3CCN(c4ccccc4)CC3)cc2)cc1,CHEMBL223243
CCCCCc1ccc(C(=O)N(CCN(CCCC)CCCC)Cc2ccc(N3CCN(C)CC3)cc2)cc1,CHEMBL220516
CCCCCc1ccc(C(=O)N(CCN(CCCC)CCCC)Cc2ccc(N3CCSCC3)cc2)cc1,CHEMBL219771
CCCCCc1ccc(C(=O)N(CCN(CCCC)CCCC)Cc2ccc(N3CCCCC3)cc2)cc1,CHEMBL223843
CCCCCc1ccc(C(=O)N(CCN(CCCC)CCCC)Cc2ccc(N(CC)CC)cc2)cc1,CHEMBL219776
CCCCCc1ccc(C(=O)N(CCN(CCCC)CCCC)Cc2ccc(-c3cncnc3)cn2)cc1,CHEMBL220719
CCCCCc1ccc(C(=O)N(CCN(CCCC)CCCC)Cc2ccc(-c3cncnc3)nc2)cc1,CHEMBL434748
CCCCCc1ccc(C(=O)N(CCN(CCCC)CCCC)Cc2ccc(-c3ccncc3)cn2)cc1,CHEMBL375836
CCCCCc1ccc(C(=O)N(CCN(CCCC)CCCC)Cc2ccc(-c3ccncc3)nc2)cc1,CHEMBL273338
CCCCCc1ccc(C(=O)N(CCN(CCCC)CCCC)Cc2ccc(-c3cccnc3)cn2)cc1,CHEMBL219831
CCCCCc1ccc(C(=O)N(CCN(CCCC)CCCC)Cc2ccc(-c3cccnc3)nc2)cc1,CHEMBL220331
CCCCCc1ccc(C(=O)N(CCN(CCCC)CCCC)Cc2ccc(-c3ccccn3)nc2)cc1,CHEMBL387156
CCCCCc1ccc(C(=O)N(CCN(CCCC)CCCC)Cc2ccc(-c3ccc4c(c3)OCO4)cn2)cc1,CHEMBL222722
CCCCCc1ccc(C(=O)N(CCN(CCCC)CCCC)Cc2ccc(-c3ccc4c(c3)OCO4)nc2)cc1,CHEMBL220369
CCCCCc1ccc(C(=O)N(CCN(CCCC)CCCC)Cc2ccc(-c3ccccc3)cn2)cc1,CHEMBL424758
CCCCCc1ccc(C(=O)N(CCN(CCCC)CCCC)Cc2ccc(-c3ccccc3)nc2)cc1,CHEMBL374456
CCCCCc1ccc(C(=O)N(CCN(CCCC)CCCC)Cc2ccc(-c3cncnc3)cc2)cc1,CHEMBL221149
CCCCCc1ccc(C(=O)N(CCN(CCCC)CCCC)Cc2ccc(-c3ccncc3)cc2)cc1,CHEMBL375526
CCCCCc1ccc(C(=O)N(CCN(CCCC)CCCC)Cc2ccc(-c3cccnc3)cc2)cc1,CHEMBL221151
CCCCCc1ccc(C(=O)N(CCN(CCCC)CCCC)Cc2ccc(-c3ccccn3)cc2)cc1,CHEMBL222773
CCCCCc1ccc(C(=O)N(CCN(CCCC)CCCC)Cc2ccc(NC(=O)c3ccnc(OC)c3)cc2)cc1,CHEMBL387316
CCCCCc1ccc(C(=O)N(CCN(CCCC)CCCC)Cc2ccc(NC(=O)c3cnccn3)cc2)cc1,CHEMBL220277
CCCCCc1ccc(C(=O)N(CCN(CCCC)CCCC)Cc2ccc(NC(=O)C3CCCNC3)cc2)cc1,CHEMBL385329
CCCCCc1ccc(C(=O)N(CCN(CCCC)CCCC)Cc2ccc(NC(=O)C3CCNCC3)cc2)cc1,CHEMBL221150
CCCCCc1ccc(C(=O)N(CCN(CCCC)CCCC)Cc2ccc(-n3ccc4ccccc43)cc2)cc1,CHEMBL436306
CCCCCc1ccc(C(=O)N(CCN(CCCC)CCCC)Cc2ccc(-n3cccc3)cc2)cc1,CHEMBL220370
CCCCCc1ccc(C(=O)N(CCN(CCCC)CCCC)Cc2ccc(-c3ccc(CC(=O)N(C)Cc4ccccc4)cc3)cc2)cc1,CHEMBL387315
CCCCCc1ccc(C(=O)N(CCN(CCCC)CCCC)Cc2ccc(-c3ccc(C(=O)N(C)C)cc3)cc2)cc1,CHEMBL219783
CCCCCc1ccc(C(=O)N(CCN(CCCC)CCCC)Cc2ccc(-c3ccc(CC(=O)N4CCOCC4)cc3)cc2)cc1,CHEMBL207616
CCCCCc1ccc(C(=O)N(CCN(CCCC)CCCC)Cc2ccc(-c3ccc(C(=O)NCc4ccccc4)cc3)cc2)cc1,CHEMBL387314
CCCCCc1ccc(C(=O)N(CCN(CCCC)CCCC)Cc2ccc(-c3ccc(C(=O)N4CCSCC4)cc3)cc2)cc1,CHEMBL219994
CCCCCc1ccc(C(=O)N(CCN(CCCC)CCCC)Cc2ccc(-c3ccc(CC(=O)NCc4ccccc4)cc3)cc2)cc1,CHEMBL220689
CCCCCc1ccc(C(=O)N(CCN(CCCC)CCCC)Cc2ccc(-c3ccc(OCCO)cc3)cc2)cc1,CHEMBL220942
CCCCCc1ccc(C(=O)N(CCN(CCCC)CCCC)Cc2ccc(-c3ccc(CC(=O)O)cc3)cc2)cc1,CHEMBL220823
CCCCCc1ccc(C(=O)N(CCN(CCCC)CCCC)Cc2ccc(-c3ccc(CC(=O)OC)cc3)cc2)cc1,CHEMBL220323
CCCCCc1ccc(C(=O)N(CCN(CCCC)CCCC)Cc2ccc(-c3ccccc3)cc2)cc1,CHEMBL220718
CCCCCc1ccc(C(=O)N(CCN(CC)CCN(CC)CC)Cc2ccc(-c3ccc4c(c3)OCO4)cc2)cc1,CHEMBL220322
CCCCCc1ccc(C(=O)N(CCN(CCO)Cc2ccccc2)Cc2ccc(-c3ccc4c(c3)OCO4)cc2)cc1,CHEMBL220562
CCCCCc1ccc(C(=O)N(CCN2CCOCC2)Cc2ccc(-c3ccc4c(c3)OCO4)cc2)cc1,CHEMBL220732
CCCCCc1ccc(C(=O)N(CCN2CCC(CCCc3ccccc3)CC2)Cc2ccc(-c3ccc4c(c3)OCO4)cc2)cc1,CHEMBL375351
CCCCCc1ccc(C(=O)N(CCN2CCC(Cc3ccccc3)CC2)Cc2ccc(-c3ccc4c(c3)OCO4)cc2)cc1,CHEMBL375125
CCCCCc1ccc(C(=O)N(CCN2CCCCC2)Cc2ccc(-c3ccc4c(c3)OCO4)cc2)cc1,CHEMBL223290
CCCCCc1ccc(C(=O)N(CCN(C(C)C)C(C)C)Cc2ccc(-c3ccc4c(c3)OCO4)cc2)cc1,CHEMBL222895
CCCCCc1ccc(C(=O)N(CCN(CC)CC)Cc2ccc(-c3ccc4c(c3)OCO4)cc2)cc1,CHEMBL373671
CCCCCc1ccc(C(=O)N(CCN(CCC)CCC)Cc2ccc(-c3ccc4c(c3)OCO4)cc2)cc1,CHEMBL220667
Cc1cccc(C(=O)NNc2c3ccccc3nc3c(C)c(C)ccc23)c1,CHEMBL404394
CC(C)CC(=O)N[C@H](C(=O)N[C@H](C(=O)N[C@@H](CC(C)C)[C@@H](O)CC(=O)N[C@@H](C)C(=O)N[C@@H](CC(C)C)[C@@H](O)CC(=O)O)C(C)C)C(C)C,CHEMBL296588
Cc1ccc2c(NNC(=O)c3ccccc3O)c3ccccc3nc2c1C,CHEMBL257594
CN1C(=N)N/C(=C/c2c[nH]c3cc(Br)ccc23)C1=O,CHEMBL511879
CN1C(=N)N/C(=C/c2c[nH]c3cc(Br)ccc23)C1=O,CHEMBL511879
O=C(N[C@@H](Cc1ccccc1)[C@@H](O)[C@H](O)[C@H](Cc1ccccc1)NC(=O)c1ccc(F)cc1Cl)c1ccc(F)cc1Cl,CHEMBL541232
O=C(CC1CCCCC1)N[C@@H](Cc1ccccc1)[C@@H](O)[C@H](O)[C@H](Cc1ccccc1)NC(=O)CC1CCCCC1,CHEMBL560343
COc1ccccc1C(=O)N[C@@H](CC(C)C)[C@@H](O)[C@H](O)[C@H](CC(C)C)NC(=O)c1ccccc1OC,CHEMBL564804
CC(C)C[C@H](NC(=O)CC1CCCCC1)[C@@H](O)[C@H](O)[C@H](CC(C)C)NC(=O)CC1CCCCC1,CHEMBL556236
Cc1ccc(C(=O)N[C@@H](Cc2ccccc2)[C@@H](O)[C@H](O)[C@H](Cc2ccccc2)NC(=O)C2CCOC2)cn1,CHEMBL556509
O=C(N[C@@H](Cc1ccccc1)[C@@H](O)[C@H](O)[C@H](Cc1ccccc1)NC(=O)c1ccc(F)cc1Cl)c1ccc2c(c1)OCCO2,CHEMBL555902
CCCCNC(=O)C[C@H](O)[C@H](CC(C)C)NC(=O)[C@@H](NC(=O)CCC(=O)N[C@H](C(=O)N[C@H](CCCCN)C(=O)NCCCC(C)Nc1cc(OC)cc2cccnc12)C(C)C)C(C)CC,CHEMBL555659
CCCCNC(=O)C[C@H](O)[C@H](CC(C)C)NC(=O)[C@@H](NC(=O)Cc1ccc(CC(=O)N[C@H](C(=O)N[C@H](CCCCN)C(=O)NCCCC(C)Nc2cc(OC)cc3cccnc23)C(C)C)cc1)C(C)CC,CHEMBL538889
CCCCNC(=O)C[C@H](O)[C@H](CC(C)C)NC(=O)[C@@H](NC(=O)Cc1ccc2cc(CC(=O)N[C@H](C(=O)N[C@H](CCCCN)C(=O)NCCCC(C)Nc3cc(OC)cc4cccnc34)C(C)C)ccc2c1)C(C)CC,CHEMBL563456
CCCCNC(=O)C[C@H](O)[C@H](CC(C)C)NC(=O)[C@@H](NC(=O)c1ccc(Oc2ccc(C(=O)N[C@H](C(=O)N[C@H](CCCCN)C(=O)NCCCC(C)Nc3cc(OC)cc4cccnc34)C(C)C)cc2)cc1)C(C)CC,CHEMBL559339
CCCCNC(=O)C[C@H](O)[C@H](CC(C)C)NC(=O)[C@@H](NC(=O)Cc1ccc2cc(C(=O)OCCCC(=O)N[C@H](C(=O)N[C@H](CCCCN)C(=O)NCCCC(C)Nc3cc(OC)cc4cccnc34)C(C)C)ccc2c1)C(C)CC,CHEMBL538145
Cc1cccc(C)c1OCC(=O)N[C@@H](Cc1ccccc1)[C@H](O)C(=O)N1CSC(C)(C)[C@H]1C(=O)N[C@H]1c2ccccc2C[C@H]1O,CHEMBL231522
Cc1ccccc1CNC(=O)[C@H]1N(C(=O)[C@@H](O)[C@H](Cc2ccccc2)NC(=O)c2cccc(O)c2C)CSC1(C)C,CHEMBL300891
CC(C)C[C@H](NC(=O)[C@H](CCl)NC(=O)C[C@H](O)[C@H](Cc1ccccc1)NC(=O)[C@@H](NC(=O)c1ccccn1)C(C)C)C(N)=O,CHEMBL1098668
C#CCNC(=O)[C@H](Cc1ccccc1)NC(=O)C[C@H](O)[C@H](Cc1ccccc1)NC(=O)[C@@H](NC(=O)c1ccccn1)C(C)C,CHEMBL1098671
C#CC[C@H](NC(=O)C[C@H](O)[C@H](Cc1ccccc1)NC(=O)[C@@H](NC(=O)c1ccccn1)C(C)C)C(=O)N[C@@H](CC(C)C)C(N)=O,CHEMBL1098670
CC(C)C[C@H](NC(=O)[C@H](CC#N)NC(=O)C[C@H](O)[C@H](Cc1ccccc1)NC(=O)[C@@H](NC(=O)c1ccccn1)C(C)C)C(N)=O,CHEMBL1098669
CCCCNC(=O)C[C@H](O)[C@H](CC(C)C)NC(=O)[C@@H](NC(=O)c1ccc(Oc2ccc(C(=O)N[C@@H](CC(C)C)C(=O)N[C@@H](CCCCN)C(=O)NCCCC(C)Nc3cc(OC)cc4cccnc34)cc2)cc1)[C@@H](C)CC,CHEMBL1213687
CC(C)CCNC(=O)[C@H](c1c[nH]c2ccccc12)N(C(=O)c1snc(C(N)=O)c1N)c1ccc2c(c1)OCO2,CHEMBL1777836
COc1ccc(Cl)cc1NC(=O)c1sc2nc(-c3ccccc3)cc(-c3ccc(OCc4ccccc4)c(OC)c3)c2c1N,CHEMBL1780012
CCCCOc1cccc(-c2cc(C(=O)N/N=C(\C)c3cccc(NC(=O)C(C)(C)C)c3)c3ccccc3n2)c1,CHEMBL1780014
COC(=O)CCC(=O)N(CCN(Cc1ccccc1)C(=O)CCC(=O)OC)Cc1ccccc1,CHEMBL1699130
CCN(CC)C(=O)c1sc(NC(=O)c2cc(-c3cccc(C)c3)nc3ccccc23)c(C(=O)OC)c1C,CHEMBL1780016
CCN(CC)c1ccc(/C=N/NC(=O)CSc2nc3ccccc3n2Cc2ccc(Cl)cc2)cc1,CHEMBL1780017
CCOC(=O)c1ccc(/N=C2\S/C(=C\c3ccc(C(C)(C)C)cc3)C(=O)N2c2ccc(C(=O)OCC)cc2)cc1,CHEMBL1780018
Cc1ccc(NC(=S)N(Cc2ccc3c(c2)OCO3)Cc2cc3cccc(C)c3[nH]c2=O)cc1,CHEMBL1780020
O=C(Cn1c(-c2ccccn2)nc2ccccc21)c1cccc([N+](=O)[O-])c1,CHEMBL1941005
O=C(Cn1c(-c2ccccn2)nc2ccccc21)c1ccc(O)c(O)c1,CHEMBL1941006
O=C(Cn1c(-c2ccccn2)nc2ccccc21)c1ccc(Cl)cc1,CHEMBL1941007
O=C(Cn1c(-c2ccccn2)nc2ccccc21)c1ccccc1[N+](=O)[O-],CHEMBL1941008
O=C(Cn1c(-c2ccccn2)nc2ccccc21)c1ccc([N+](=O)[O-])cc1,CHEMBL1941009
O=C(Cn1c(-c2ccccn2)nc2ccccc21)c1ccc(F)cc1,CHEMBL1941010
O=C(Cn1c(-c2ccccn2)nc2ccccc21)c1ccc(F)cc1F,CHEMBL1941011
O=C(Cn1c(-c2ccccn2)nc2ccccc21)c1ccccc1,CHEMBL1941012
O=C(Cn1c(-c2ccccn2)nc2ccccc21)c1ccc(-c2ccccc2)cc1,CHEMBL1941013
COc1ccc(C(=O)Cn2c(-c3ccccn3)nc3ccccc32)cc1,CHEMBL1941014
COc1ccc(OC)c(C(=O)Cn2c(-c3ccccn3)nc3ccccc32)c1,CHEMBL1941015
OC(CNCc1ccccc1)Cn1c2ccc(Cl)cc2c2cc(Cl)ccc21,CHEMBL2347356
N=C(S)NN/C(=C\c1nc(-c2ccccn2)cc2ccccc12)c1ccc(Cl)cc1,CHEMBL2347357
O=C(CN(c1cccc(Br)c1)S(=O)(=O)c1ccccc1)Nc1ccc(CSc2ccccc2)cc1,CHEMBL2347358
Cc1ccccc1N/C(=N\N=C/c1ccc2ccc3ccc(/C=N\N=C(/Nc4ccccc4C)c4ccccn4)nc3c2n1)c1ccccn1,CHEMBL2347359
Cc1ccc(S(=O)(=O)Nc2ccccc2CNc2cnc3ccccc3c2)cc1,CHEMBL2347360
CCC(CN1C(=N)NC(c2ccccc2)(c2ccccc2)C1=O)c1ccccc1,CHEMBL588662
CCCN(CCC)C(=O)c1cc(C(=O)N[C@@H](Cc2ccccc2)[C@H](O)CNC(C)(C)c2cccc(OC)c2)cc(N2CCCCS2(=O)=O)c1,CHEMBL587764
CCCN(CCC)C(=O)c1cc(C(=O)N[C@@H](Cc2ccccc2)[C@@H](O)CNC(C)(C)c2cccc(OC)c2)cc(N2CCCCS2(=O)=O)c1,CHEMBL3264796
CCCN(CCC)C(=O)c1cc(C(=O)N[C@@H](Cc2ccccc2)[C@H](O)CNC(C)(C)c2ccccc2)cc(N2CCCCS2(=O)=O)c1,CHEMBL3264797
CCCN(CCC)C(=O)c1cc(C(=O)N[C@@H](Cc2ccccc2)[C@@H](O)CNC(C)(C)c2ccccc2)cc(N2CCCCS2(=O)=O)c1,CHEMBL3264798
CCCN(CCC)C(=O)c1cc(C(=O)N[C@@H](Cc2ccccc2)[C@H](O)CNC(C)(C)c2cccc(OC)c2)cc(N2CCCCC2)c1,CHEMBL3264799
CCCN(CCC)C(=O)c1cc(C(=O)N[C@@H](Cc2ccccc2)[C@H](O)CNC(C)(C)c2cccc(O)c2)cc(N2CCCCC2)c1,CHEMBL3264800
CCCN(CCC)C(=O)c1cc(C(=O)N[C@@H](Cc2ccccc2)[C@H](O)CNC(C)(C)c2ccccc2)cc(N2CCCCC2)c1,CHEMBL3264801
CCCN(CCC)C(=O)c1cc(C(=O)N[C@@H](Cc2ccccc2)[C@H](O)CNC(C)(C)c2ccccn2)cc(N2CCCCC2)c1,CHEMBL3264802
CCCN(CCC)C(=O)c1cc(C(=O)N[C@@H](Cc2ccccc2)[C@H](O)CNC(C)(C)c2cccnc2)cc(N2CCCCC2)c1,CHEMBL3264803
CCCN(CCC)C(=O)c1cc(C(=O)N[C@@H](Cc2ccccc2)[C@H](O)CNC(C)(C)c2ccncc2)cc(N2CCCCC2)c1,CHEMBL3264804
CCCN(CCC)C(=O)c1cc(C(=O)N[C@@H](Cc2ccccc2)[C@H](O)CNC(C)(C)c2cncc(OC)c2)cc(N2CCCCC2)c1,CHEMBL3264805
CCCN(CCC)C(=O)c1cc(C(=O)N[C@@H](Cc2ccccc2)[C@H](O)CNCc2cccc(OC)c2)cc(N2CCCCS2(=O)=O)c1,CHEMBL581498
CCCN(CCC)C(=O)c1cc(C(=O)N[C@@H](Cc2ccccc2)[C@H](O)CNC2(c3cccc(OC)c3)CC2)cc(N2CCCCC2)c1,CHEMBL3264806
CCCN(CCC)C(=O)c1cc(C(=O)N[C@@H](Cc2ccccc2)[C@H](O)CNCc2cccc(OC)c2)cc(N2CCCCC2)c1,CHEMBL3264807
CCCNC(=O)c1cc(C(=O)N[C@@H](Cc2ccccc2)[C@H](O)CNC(C)(C)c2cccc(OC)c2)cc(N2CCCCC2)c1,CHEMBL3259870
COc1cccc(C(C)(C)NC[C@@H](O)[C@H](Cc2ccccc2)NC(=O)c2cc(C(=O)N3CCCC3)cc(N3CCCCC3)c2)c1,CHEMBL3264808
COc1cccc(C(C)(C)NC[C@@H](O)[C@H](Cc2ccccc2)NC(=O)c2cc(C(N)=O)cc(N3CCCCC3)c2)c1,CHEMBL3264809
CCCN(CCC)C(=O)c1cc(C(=O)N[C@@H](Cc2ccccc2)[C@H](O)CNC(C)(C)c2cccc(OC)c2)cc(C2CCCCC2)c1,CHEMBL3264810
CCCN(CCC)C(=O)c1cc(C(=O)N[C@@H](Cc2ccccc2)[C@H](O)CNC(C)(C)c2cccc(OC)c2)cc(N2CCCC2)c1,CHEMBL3264811
CCCN(CCC)C(=O)c1cc(C(=O)N[C@@H](Cc2ccccc2)[C@H](O)CNC(C)(C)c2cccc(OC)c2)cc(-c2ccccc2)c1,CHEMBL3264812
COc1ccc(C(=O)/C=C/c2ccc(C(F)(F)F)cc2)c(OC)c1,CHEMBL279386
COc1ccc(C(=O)/C=C/c2ccc(F)cc2F)c(OC)c1,CHEMBL137883
Nc1nc2cc(-c3ccccc3)ccc2c(=O)n1C[C@@H]1CCCO1,CHEMBL3764744
Nc1nc2cc(-c3ccccc3)ccc2c(=O)n1C[C@@H]1CC[C@H](c2ccccc2)O1,CHEMBL3764405
Nc1nc2cc(-c3ccccc3)ccc2c(=O)n1C[C@@H]1CC[C@@H](c2ccccc2)O1,CHEMBL3764837
Nc1nc2cc(-c3ccccc3)ccc2c(=O)n1C[C@H]1CC[C@@H](c2ccccc2)O1,CHEMBL3763404
Nc1nc2cc(-c3ccccc3)ccc2c(=O)n1C[C@@H]1CC[C@H](c2ccccc2)O1,CHEMBL3764405
CC(C)[C@H]1CC[C@@H](Cn2c(N)nc3cc(-c4ccccc4)ccc3c2=O)O1,CHEMBL3764953
Nc1nc2cc(-c3ccccc3)ccc2c(=O)n1C[C@@H]1CC[C@H](c2ccc3ccccc3c2)O1,CHEMBL3763955
Nc1nc2cc(-c3ccccc3)ccc2c(=O)n1CC1CCC2(CCCCC2)O1,CHEMBL3763524
Nc1nc2cc(-c3ccccc3)ccc2c(=O)n1CC1CC(c2ccccc2)CO1,CHEMBL3765557
CCCCc1ccc(-c2ccc3c(=O)n(C[C@@H]4CC[C@H](c5ccccc5)O4)c(N)nc3c2)cc1,CHEMBL3763261
CCCCCc1ccc(-c2ccc3c(=O)n(C[C@@H]4CC[C@H](c5ccccc5)O4)c(N)nc3c2)cc1,CHEMBL3764174
CCCCc1cccc(-c2ccc3c(=O)n(C[C@@H]4CC[C@H](c5ccccc5)O4)c(N)nc3c2)c1,CHEMBL3765238
COC(=O)CCc1ccc(-c2ccc3c(=O)n(C[C@@H]4CC[C@H](c5ccccc5)O4)c(N)nc3c2)cc1,CHEMBL3765317
Nc1nc2cc(-c3ccc(C4CCCCC4)cc3)ccc2c(=O)n1C[C@@H]1CC[C@H](c2ccccc2)O1,CHEMBL3763159
Nc1nc2cc(-c3ccc(CCC4CCCCC4)cc3)ccc2c(=O)n1C[C@@H]1CC[C@H](c2ccccc2)O1,CHEMBL3764518
Nc1nc2cc(-c3ccc(CCC4CC4)cc3)ccc2c(=O)n1C[C@@H]1CC[C@H](c2ccccc2)O1,CHEMBL3765358
CC(C)CCc1ccc(-c2ccc3c(=O)n(C[C@@H]4CC[C@H](c5ccccc5)O4)c(N)nc3c2)cc1,CHEMBL3764738
Nc1nc2cc(-c3ccc(CCc4ccccc4)cc3)ccc2c(=O)n1C[C@@H]1CC[C@H](c2ccccc2)O1,CHEMBL3763442
Nc1nc2cc(-c3ccc(CCCc4ccccc4)cc3)ccc2c(=O)n1C[C@@H]1CC[C@H](c2ccccc2)O1,CHEMBL3763523
Nc1nc2cc(-c3ccc(CCCCc4ccccc4)cc3)ccc2c(=O)n1C[C@@H]1CC[C@H](c2ccccc2)O1,CHEMBL3763489
Nc1nc2cc(-c3ccc(CCCCCc4ccccc4)cc3)ccc2c(=O)n1C[C@@H]1CC[C@H](c2ccccc2)O1,CHEMBL3763900
Nc1nc2ccccc2c(=O)n1CC1CCCO1,CHEMBL3764172
Cc1ccc(C)n1NC(=O)c1ccc(O)cc1,CHEMBL1370160
NC(=O)c1ccsc1NC(=O)c1cccs1,CHEMBL1562951
NCC(O)CNc1ccc([N+](=O)[O-])cc1Cl,CHEMBL3764748
Nc1ccc(-c2cn3ccsc3n2)cc1,CHEMBL3764629
N=C(N)N/N=C/c1ccc2c(c1)OCO2,CHEMBL1178994
Cc1[nH]nc(Nc2ccccc2)c1N,CHEMBL3765202
CNC(=O)C1CCC(c2nsc3ccccc23)CC1,CHEMBL3765209
OC1CN(C(c2ccccc2)c2ccccc2)C1,CHEMBL3763552
CC(C)NS(=O)(=O)Cc1ccccc1,CHEMBL3764193
CCCCCc1ccc(C(=O)N(CCN(CCCC)CCCC)Cc2ccc(OCc3ccccc3)cc2)cc1,CHEMBL3942492
CCCCCc1ccc(C(=O)N(CCN(CCCC)CCCC)Cc2ccc(Oc3ccccc3)cc2)cc1,CHEMBL3972696
CCCCCc1ccc(C(=O)N(CCN(CCCC)CCCC)Cc2ccc(OCc3ccccc3)c(OCc3ccccc3)c2)cc1,CHEMBL3975190
CCCCCc1ccc(C(=O)N(CCN(CCCC)CCCC)Cc2ccc(-c3ccccc3)cc2)cc1,CHEMBL220718
CCCCCc1ccc(C(=O)N(CCN(CCCC)CCCC)Cc2ccc(C(F)(F)F)cc2)cc1,CHEMBL3984851
CCCCCc1ccc(CN(CCN(CCCC)CCCC)Cc2ccc(OCc3ccccc3)cc2)cc1,CHEMBL3956974
CCCCCc1ccc(C(=O)N(CCN(CCCC)CCCC)Cc2ccc(OCCCC)cc2)cc1,CHEMBL3954375
CCCCCc1ccc(C(=O)N(CCCN(CCCC)CCCC)Cc2ccc(OCc3ccccc3)cc2)cc1,CHEMBL3891241
CCCCCc1ccc(C(=O)N(CCCN(CCCC)CCCC)Cc2ccc(-c3ccccc3)cc2)cc1,CHEMBL3986330
CCCCCc1ccc(C(=O)N(CCN(CCCC)CCCC)Cc2ccc(-c3ccc(OCCO)cc3)cc2)cc1,CHEMBL220942
CCCCCc1ccc(C(=O)N(CCN(CCCC)CCCC)Cc2ccc(-c3ccccc3F)cc2)cc1,CHEMBL3940341
CCCCCc1ccc(C(=O)N(CCN(CCCC)CCCC)Cc2ccc(-c3ccccc3Cl)cc2)cc1,CHEMBL3904960
CCCCCc1ccc(C(=O)N(CCN(CCCC)CCCC)Cc2ccc(-c3cncnc3)cc2)cc1,CHEMBL221149
CCCCCc1ccc(C(=O)N(CCN(CCCC)CCCC)Cc2ccc(-c3cccc(OC(F)(F)F)c3)cc2)cc1,CHEMBL3961954
CCCCCc1ccc(C(=O)N(CCN(CCCC)CCCC)Cc2ccc(-c3ccccn3)cc2)cc1,CHEMBL222773
CCCCCc1ccc(C(=O)N(CCN(CCCC)CCCC)Cc2ccc(-c3ccc(CC(=O)OC)cc3)cc2)cc1,CHEMBL220323
CCCCCc1ccc(C(=O)N(CCN(CCCC)CCCC)Cc2ccc(-c3ccc4c(c3)OCO4)cc2)cc1,CHEMBL374329
CCCCCc1ccc(CN(CCN(CCCC)CCCC)Cc2ccc(-c3ccc(C#N)cc3)cc2)cc1,CHEMBL3925859
CCCCCc1ccc(C(=O)N(CCN(CCO)CCO)Cc2ccc(OCC)cc2)cc1,CHEMBL3929162
CCC(CN1C(=N)NC(c2ccccc2)(c2ccccc2)C1=O)c1ccccc1,CHEMBL588662
COc1ccc(C2(c3ccc(OC)cc3)NC(=O)N(C3CCCCC3)C2=O)cc1,CHEMBL3109518
COc1ccc(C2(c3ccc(OC)cc3)NC(=S)N(C3CCCCC3)C2=O)cc1,CHEMBL3109517
COc1ccc(C2(c3ccc(OC)cc3)NC(=N)N(C3CCCCC3)C2=O)cc1,CHEMBL3109542
COc1ccc(C2(c3ccc(OC)cc3)NC(=N)N(C3CCOCC3)C2=O)cc1,CHEMBL3109544
COc1ccc(C2(c3ccc(OC)cc3)NC(=N)N(C3CCNCC3)C2=O)cc1,CHEMBL3109546
COc1ccc(C2(c3ccc(OC)cc3)NC(=N)N(C3CCN(C)CC3)C2=O)cc1,CHEMBL3109547
COc1ccc(C2(c3ccc(OC)cc3)NC(=N)N(C3CCN(C(=O)OC(C)(C)C)CC3)C2=O)cc1,CHEMBL3109548
COc1ccc(C2(c3ccc(OC)cc3)NC(=N)N(CC3CCOCC3)C2=O)cc1,CHEMBL3109550
COc1cccc(C2(c3cccc(OC)c3)NC(=N)N(C3CCCCC3)C2=O)c1,CHEMBL3109551
COc1ccc(C2(c3cccc(-c4cccnc4)c3)NC(=N)N(C3CCCCC3)C2=O)cc1,CHEMBL3109520
N=C1NC(c2ccccc2)(c2cccc(-c3cccnc3)c2)C(=O)N1C1CCCCC1,CHEMBL3109522
CN1C(=N)NC(c2ccccc2)(c2cccc(-c3cccnc3)c2)C1=O,CHEMBL2011974
N=C1NC(c2ccccc2)(c2cccc(-c3cccnc3)c2)C(=O)N1C1CCCCC1,CHEMBL3109522
COc1cccc(-c2cccc(C3(c4ccccc4)NC(=N)N(C)C3=O)c2)c1,CHEMBL2011967
COc1cccc(-c2cccc(C3(c4ccccc4)NC(=N)N(C4CCCCC4)C3=O)c2)c1,CHEMBL3917490
COc1cccc(-c2cccc(C3(c4ccccc4)NC(=N)N(C4CCOCC4)C3=O)c2)c1,CHEMBL3936611
COc1cccc(-c2cccc(C3(C4CC4)NC(=N)N(C)C3=O)c2)c1,CHEMBL2012001
COc1cccc(-c2cccc(C3(C4CC4)NC(=N)N(C4CCCCC4)C3=O)c2)c1,CHEMBL3922940
COc1cccc(-c2cccc(C3(C4CC4)NC(=N)N(C4CCOCC4)C3=O)c2)c1,CHEMBL3907442
N=C1NC(c2ccccc2)(c2ccccc2)C(=O)N1C1CCCCC1,CHEMBL582580
N=C1NC(c2ccccc2)(c2ccccc2)C(=O)N1Cc1ccccc1,CHEMBL3109533
COc1cccc(C2(c3cccc(OC)c3)NC(=N)N(Cc3ccccc3)C2=O)c1,CHEMBL3985863
COc1ccc(C2(c3ccc(OC)cc3)NC(=N)N(C3CCCCC3)C2=O)cc1,CHEMBL3109542
COc1cccc(C2(c3cccc(OC)c3)NC(=N)N(C3CCCCC3)C2=O)c1,CHEMBL3109551
N=C1NC(c2ccccc2)(c2cccc(-c3cccnc3)c2)C(=O)N1C1CCCCC1,CHEMBL3109522
COc1ccc(C2(c3ccccc3)NC(=N)N(C3CCCCC3)C2=O)cc1,CHEMBL3109552
N=C1NC(c2ccccc2)(c2ccccc2)C(=O)N1C1CC1,CHEMBL3976714
COc1cccc(C2(c3ccccc3)NC(=N)N(C3CCCCC3)C2=O)c1,CHEMBL3109553
N=C1NC(c2ccc(Br)cc2)(c2ccc(Br)cc2)C(=O)N1C1CCCCC1,CHEMBL3962577
N=C1NC(c2ccc(Cl)cc2)(c2ccc(Cl)cc2)C(=O)N1C1CCCCC1,CHEMBL3109558
Cc1ccc(C2(c3ccc(C)cc3)NC(=N)N(C3CCCCC3)C2=O)cc1,CHEMBL3109556
CCOc1ccc(C2(c3ccc(OCC)cc3)NC(=N)N(C3CCCCC3)C2=O)cc1,CHEMBL3109555
COc1ccc(C2(c3ccc(OC)cc3)NC(=N)N(C3CC3)C2=O)cc1,CHEMBL3109539
COc1ccc(C2(c3ccc(OC)cc3)NC(=N)N(C3CCCC3)C2=O)cc1,CHEMBL3109541
COc1ccc(C2(c3ccc(OC)cc3)NC(=N)N(Cc3ccccc3)C2=O)cc1,CHEMBL3109534
COc1ccc(C2(c3ccc(OC)cc3)NC(=N)N(C3CCN(C)CC3)C2=O)cc1,CHEMBL3109547
COc1cccc(C2(c3cccc(OC)c3)NC(=N)N(C3CC3)C2=O)c1,CHEMBL3900873
COc1cccc(C2(c3cccc(OC)c3)NC(=N)N(C3CCCC3)C2=O)c1,CHEMBL3976996
COc1ccc(C2(c3cccc(-c4cccnc4)c3)NC(=N)N(C3CCCCC3)C2=O)cc1,CHEMBL3109520
COc1ccc(C2(c3cccc(-c4ccncc4)c3)NC(=N)N(C3CCCCC3)C2=O)cc1,CHEMBL3978095
COc1ccc(C2(c3ccc(OC)c(OC)c3)NC(=N)N(C3CCCCC3)C2=O)cc1OC,CHEMBL3907570
COc1ccc(C2(c3ccc(OC)cc3)NC(=N)N(C3CCOCC3)C2=O)cc1,CHEMBL3109544
COc1ccc(C2(c3cccc(-c4ccccc4)c3)NC(=N)N(C3CCCCC3)C2=O)cc1,CHEMBL3109519
N=C1NC(c2ccccc2)(c2ccccc2)C(=O)N1C1CCOCC1,CHEMBL3966834
N=C1NC(c2ccc(OC(F)(F)F)cc2)(c2ccc(OC(F)(F)F)cc2)C(=O)N1C1CCCCC1,CHEMBL3109554
N=C1NC(c2ccccc2Cl)(c2ccccc2Cl)C(=O)N1C1CCCCC1,CHEMBL3972112
COc1ccc(C2(c3ccc(OC)cc3)NC(=N)N(Cc3ccncc3)C2=O)cc1,CHEMBL3942515
COc1ccc(C2(c3ccc(OC)cc3)NC(=N)N(C3CCC3)C2=O)cc1,CHEMBL3109540
COc1ccc(C2(c3ccc(OC)cc3)NC(=N)N(C3CCN(C(=O)OC(C)(C)C)CC3)C2=O)cc1,CHEMBL3109548
COc1ccc(C2(c3ccc(OC)cc3)NC(=N)N(C3CCNCC3)C2=O)cc1,CHEMBL3109546
COc1ccc(C2(c3cccc(-c4ccccn4)c3)NC(=N)N(C3CCCCC3)C2=O)cc1,CHEMBL3109523
N=C1NC(c2ccccc2)(c2cccc(-c3ccncc3)c2)C(=O)N1C1CCCCC1,CHEMBL3924123
N=C1NC(c2ccccc2)(c2cccc(-c3ccccc3)c2)C(=O)N1C1CCCCC1,CHEMBL3896206
COc1cccc(C2(c3cccc(-c4cccnc4)c3)NC(=N)N(C3CCCCC3)C2=O)c1,CHEMBL3109521
COc1ccc(C2(c3ccc(OC)cc3)NC(=N)N(Cc3cccnc3)C2=O)cc1,CHEMBL3946545
COc1ccc(C2(c3ccc(OC)cc3)NC(=N)N(C3CCCCCC3)C2=O)cc1,CHEMBL3109543
COc1ccc(C2(c3ccc(OC)cc3)NC(=N)N(CC3CCCCC3)C2=O)cc1,CHEMBL3109549
N=C1NC(c2ccccc2)(c2cccc(OCc3ccccc3)c2)C(=O)N1C1CCCCC1,CHEMBL3109527
N=C1NC(c2ccccc2)(c2cccc(Oc3ccccc3)c2)C(=O)N1C1CCCCC1,CHEMBL3109526
COc1ccc(C2(c3ccc(OC)cc3)NC(=N)N(Cc3ccccc3OC)C2=O)cc1,CHEMBL3916377
COc1ccc(C2(c3ccc(OC)cc3)NC(=N)N(CC(C)(C)C)C2=O)cc1,CHEMBL3947701
COc1ccc(C2(c3ccc(OC)cc3)NC(=N)N(CC3CCCO3)C2=O)cc1,CHEMBL3939185
COc1ccc(C2(c3ccc(OC)cc3)NC(=N)N(CC3CCOCC3)C2=O)cc1,CHEMBL3109550
COc1ccc(C2(c3ccc(OC)cc3)NC(=N)N(CC34CC5CC(CC(C5)C3)C4)C2=O)cc1,CHEMBL3930179
COc1ccc(C2(c3ccc(OC)cc3)NC(=N)N(Cc3cccc(C)c3C)C2=O)cc1,CHEMBL3902212
COc1ccc(C2(c3ccc(OC)cc3)NC(=N)N(Cc3c(C)cccc3C)C2=O)cc1,CHEMBL3924762
COc1ccc(C2(c3ccc(OC)cc3)NC(=N)N(Cc3ncccc3C)C2=O)cc1,CHEMBL3921372
COc1ccc(C2(c3ccc(OC)cc3)NC(=N)N(Cc3ccccc3C)C2=O)cc1,CHEMBL3943851
COc1ccc(C2(c3ccc(OC)cc3)NC(=N)N(Cc3ccccc3C(F)(F)F)C2=O)cc1,CHEMBL3915894
COc1ccc(C2(c3ccc(OC)cc3)NC(=N)N(Cc3ccccc3C#N)C2=O)cc1,CHEMBL3967875
COc1ccc(C2(c3ccc(OC)cc3)NC(=N)N(CC3CCN(C)CC3)C2=O)cc1,CHEMBL3931375
COc1ccc(C2(c3ccc(OC)cc3)NC(=N)N(C3CCN(C(C)=O)CC3)C2=O)cc1,CHEMBL3891237
COc1ccc(C2(c3ccc(OC)cc3)NC(=N)N(C3CCN(C(=O)c4ccccc4)CC3)C2=O)cc1,CHEMBL3960302
COc1ccc(C2(c3ccc(OC)cc3)NC(=N)N(CC3CCN(C(=O)OC(C)(C)C)CC3)C2=O)cc1,CHEMBL3906925
COc1ccc(C2(c3ccc(OC)cc3)NC(=N)N(C3CCN(C(=O)CCN(C)C)CC3)C2=O)cc1,CHEMBL3900259
COc1ccc(C2(c3cccnc3)NC(=N)N(C3CCOCC3)C2=O)cc1,CHEMBL3908681
COc1cccc(-c2cccc(C3(c4ccccc4)NC(=N)N(C4CCOCC4)C3=O)c2)c1,CHEMBL3936611
COc1ccc(C2(C3CC3)NC(=N)N(C3CCOCC3)C2=O)cc1,CHEMBL3914078
COc1cccc(-c2cccc(C3(c4ccccc4)NC(=N)N(C4CCCCC4)C3=O)c2)c1,CHEMBL3917490
COc1cccc(-c2cccc(C3(C4CC4)NC(=N)N(C4CCCCC4)C3=O)c2)c1,CHEMBL3922940
COc1cccc(-c2cccc(C3(C4CC4)NC(=N)N(C4CCOCC4)C3=O)c2)c1,CHEMBL3907442
COc1ccc(C2(C3CCCCC3)NC(=N)N(C3CCOCC3)C2=O)cc1,CHEMBL3971881
COc1ccc(C2(c3ccccn3)NC(=N)N(C3CCOCC3)C2=O)cc1,CHEMBL3900717
COc1ccc(C2(c3cncnc3)NC(=N)N(C3CCOCC3)C2=O)cc1,CHEMBL3905655
COc1ccc(C2(c3ccncc3)NC(=N)N(C3CCOCC3)C2=O)cc1,CHEMBL3976403
COc1ccc(C2(C3CCCC3)NC(=N)N(C3CCOCC3)C2=O)cc1,CHEMBL3914640
COc1ccc(C2(c3cnn(C)c3)NC(=N)N(C3CCOCC3)C2=O)cc1,CHEMBL3890167
COc1ccc(C2(C3CCCCC3)NC(=N)N(C3CCCCC3)C2=O)cc1,CHEMBL3913482
N=C1NC(c2cccc(-c3cccnc3)c2)(C2CC2)C(=O)N1C1CCOCC1,CHEMBL3983294
N#Cc1cncc(-c2cccc(C3(C4CC4)NC(=N)N(C4CCOCC4)C3=O)c2)c1,CHEMBL3960162
N=C1NC(c2cccc(-c3cncc(Cl)c3)c2)(C2CC2)C(=O)N1C1CCOCC1,CHEMBL3985353
COc1ccc(C2(C3CC3)NC(=N)N(C3CCOCC3)C2=O)cc1-c1cccc(C#N)c1,CHEMBL3948015
N=C1NC(c2cccc(-c3cccnc3)c2)(C2CC2)C(=O)N1C1CCCCC1,CHEMBL3977267
N#Cc1cncc(-c2cccc(C3(C4CC4)NC(=N)N(C4CCCCC4)C3=O)c2)c1,CHEMBL3939240
N=C1NC(c2cccc(-c3cccnc3)c2)(C2CCCCC2)C(=O)N1C1CCOCC1,CHEMBL3972309
CC(C)CC(=O)N[C@H](C(=O)N[C@H](C(=O)N[C@@H](CC(C)C)[C@@H](O)CC(=O)N[C@@H](C)C(=O)N[C@@H](CC(C)C)[C@@H](O)CC(=O)O)C(C)C)C(C)C,CHEMBL296588
CCCCCCCCc1cc(CCC(=O)O)c2c(=O)n(CC3CCCO3)c(N)nc2c1,CHEMBL4225298
Nc1nc2cc(-c3ccc(CCCc4ccccc4)cc3-c3ccc(C(=O)O)cc3)ccc2c(=O)n1CC1CCCO1,CHEMBL4226144
Nc1nc2cc(-c3ccc(CCCc4ccccc4)cc3)cc(CCC(=O)O)c2c(=O)n1CC1CCCO1,CHEMBL4228072
CCCCCc1ccc(-c2cc(-c3ccc(C(=O)O)cc3)c3c(=O)n(CC4CCCO4)c(N)nc3c2)cc1,CHEMBL4227074
CCCCCc1ccc(-c2cc(CCC(=O)O)c3c(=O)n(CC4CCCO4)c(N)nc3c2)cc1,CHEMBL4225824
CCCCCCCCc1ccc(-c2ccc3c(=O)n(C[C@@H]4CC[C@H](c5ccccc5)O4)c(N)nc3c2)cc1,CHEMBL4225299
CCCCCCCCc1ccc(-c2ccc3c(=O)n(CC4CCCO4)c(N)nc3c2)cc1,CHEMBL4226087
Nc1nc2cc(-c3ccc(CCCc4ccccc4)cc3)ccc2c(=O)n1C[C@@H]1CC[C@H](c2ccccc2)O1,CHEMBL3763523
Nc1nc2cc(-c3ccc(CCCc4ccccc4)cc3)ccc2c(=O)n1CC1CCCO1,CHEMBL4225394
CCCCCc1ccc(-c2ccc3c(=O)n(C[C@@H]4CC[C@H](c5ccccc5)O4)c(N)nc3c2)cc1,CHEMBL3764174
CCCCCc1ccc(-c2ccc3c(=O)n(CC4CCCO4)c(N)nc3c2)cc1,CHEMBL4228456
Nc1nc2cc(-c3ccccc3)cc(-c3cccc(C(=O)O)c3)c2c(=O)n1CC1CCCO1,CHEMBL4229013
NC(=O)c1ccc(-c2cc(-c3ccccc3)cc3nc(N)n(CC4CCCO4)c(=O)c23)cc1,CHEMBL4229080
Nc1cccc(-c2cc(-c3ccccc3)cc3nc(N)n(CC4CCCO4)c(=O)c23)c1,CHEMBL4228633
Nc1nc2cc(-c3ccccc3)cc(-c3cccnc3)c2c(=O)n1CC1CCCO1,CHEMBL4227924
Nc1nc2cc(-c3ccccc3)cc(-c3ccncc3)c2c(=O)n1CC1CCCO1,CHEMBL4228400
Nc1nc2cc(-c3ccccc3)cc(CC(=O)O)c2c(=O)n1C[C@@H]1CC[C@H](c2ccccc2)O1,CHEMBL4224896
Nc1nc2cc(-c3ccccc3)cc(CC(=O)O)c2c(=O)n1CC1CCCO1,CHEMBL4225481
Nc1nc2cc(-c3ccccc3)cc(-c3ccc(C(=O)O)cc3)c2c(=O)n1C[C@@H]1CC[C@H](c2ccccc2)O1,CHEMBL4226891
Nc1nc2cc(-c3ccccc3)cc(-c3ccc(C(=O)O)cc3)c2c(=O)n1CC1CCCO1,CHEMBL4225038
CCN(CC)C(=O)c1cc(C(=O)N[C@@H](Cc2ccccc2)[C@H](O)CNC(C)(C)c2cccc(OC)c2)cc(N2CCCCC2)c1,CHEMBL4475791
COc1cccc(C(C)(C)NC[C@@H](O)[C@H](Cc2ccccc2)NC(=O)c2cc(C(=O)NCC(C)(C)OC)cc(N3CCCCC3)c2)c1,CHEMBL4515257
COc1cccc(C(C)(C)NC[C@@H](O)[C@H](Cc2ccccc2)NC(=O)c2cc(C(=O)NCC3CC3)cc(N3CCCCC3)c2)c1,CHEMBL4555241
COc1cccc(C(C)(C)NC[C@@H](O)[C@H](Cc2ccccc2)NC(=O)c2cc(C(=O)NCCC(F)(F)F)cc(N3CCCCC3)c2)c1,CHEMBL4454293
COc1cccc(C(C)(C)NC[C@@H](O)[C@H](Cc2ccccc2)NC(=O)c2cc(C(=O)NCC(C)(C)C)cc(N3CCCCC3)c2)c1,CHEMBL4515147
CCCN(CCC)C(=O)c1cccc(C(=O)N[C@@H](Cc2ccccc2)[C@H](O)CNC(C)(C)c2cccc(OC)c2)c1,CHEMBL2334376
CCCN(CCC)C(=O)c1cc(F)cc(C(=O)N[C@@H](Cc2ccccc2)[C@H](O)CNC(C)(C)c2cccc(OC)c2)c1,CHEMBL4449532
CCCN(CCC)C(=O)c1cc(C(=O)N[C@@H](Cc2ccccc2)[C@H](O)CNC(C)(C)c2cccc(OC)c2)cc(C(=O)N(CCC)CCC)c1,CHEMBL4449824
COc1cccc(C(C)(C)NC[C@@H](O)[C@H](Cc2ccccc2)NC(=O)c2cccc(C(=O)NCC(C)(C)C)c2)c1,CHEMBL4464784
COc1cccc(C(C)(C)NC[C@@H](O)[C@H](Cc2ccccc2)NC(=O)c2cccc(C(=O)NCCC(F)(F)F)c2)c1,CHEMBL4520253
O=C(C1=C(c2ccc(CCCOc3ccccc3Cl)cc2)CCNC1)N(Cc1ccccc1Cl)C1CC1,CHEMBL4457567
O=C(C1=C(c2ccc(CCCOc3cc(F)ccc3Br)cc2)CCNC1)N(Cc1ccccc1Cl)C1CC1,CHEMBL1088430
Cc1ccc(C)c(OCCCc2ccc(C3=C(C(=O)N(Cc4ccccc4Cl)C4CC4)CNCC3)cc2)c1C,CHEMBL4521042
O=C(C1=C(c2ccc(CCCOc3c(F)ccc(F)c3F)cc2)CCNC1)N(Cc1ccccc1Cl)C1CC1,CHEMBL4466309
CCc1ccc(C(=O)N(Cc2ccc(-c3ccccc3)cc2)C2CCN(Cc3ccccc3)CC2)cc1,CHEMBL4449095
CC(C)(C)c1ccc(C(=O)N(Cc2ccc(-c3ccccc3)cc2)C2CCN(Cc3ccccc3)CC2)cc1,CHEMBL4447636
CCCCCc1ccc(C(=O)N(Cc2ccc(-c3ccccc3)cc2)C2CCN(Cc3ccccc3)CC2)cc1,CHEMBL4576880
CCCCOc1ccc(C(=O)N(Cc2ccc(-c3ccccc3)cc2)C2CCN(Cc3ccccc3)CC2)cc1,CHEMBL4569466
CCCCCCCCCCCC(=O)N(Cc1ccc(-c2ccccc2)cc1)C1CCN(Cc2ccccc2)CC1,CHEMBL4441322
CCN(CC)CCc1nnn(-c2ccc(C)cc2)c1-c1ccc(-c2ccc(OC)cc2)cc1,CHEMBL4448245
CCCCCc1ccc(Cn2nnc(CCN(CC)CC)c2-c2ccc(-c3ccc(OC)cc3)cc2)cc1,CHEMBL4458769
CCCCCc1ccc(-n2nnc(CCN(CC)CC)c2-c2ccc(-c3ccc(OC)cc3)cc2)cc1,CHEMBL4585928
CCCCCc1ccc(-n2nnc(CCN(CC)CC)c2-c2ccc(-c3ccc(OC)cc3)cc2)c(Cl)c1,CHEMBL4564399
CC(=O)N1CC2CC(c3ccc(CCOc4cc(F)ccc4Br)cc3)=C(C(=O)N(C)CCc3ccccc3)C(C1)N2,CHEMBL4574509
CC(=O)N1CC2CC(c3ccc(CCOc4ccc(C(C)(C)C)cc4C)cc3)=C(C(=O)N(C)CCc3ccccc3)C(C1)N2,CHEMBL4558109
CC(=O)N1CC2CC(c3ccc(CCOc4cc(Cl)ccc4Cl)cc3)=C(C(=O)N(C)CCc3ccccc3)C(C1)N2,CHEMBL4517758
CC(=O)N1CC2CC(c3ccc(CCOc4cc(Cl)cc(Cl)c4)cc3)=C(C(=O)N(C)CCc3ccccc3)C(C1)N2,CHEMBL4471662
CC(=O)N1CC2CC(c3ccc(CCOc4cccc(Br)c4)cc3)=C(C(=O)N(C)CCc3ccccc3)C(C1)N2,CHEMBL4474231
CC(=O)N1CC2CC(c3ccc(CCOc4cccc(OC(F)(F)F)c4)cc3)=C(C(=O)N(C)CCc3ccccc3)C(C1)N2,CHEMBL4573790
CCCCCc1ccc(N(CC2CCC(O)C(F)(F)C2)C(=O)Cc2ccc3ccccc3c2)cc1,CHEMBL4466244
Br.Br.CCCCCCc1ccc(S(=O)(=O)[C@@H]2[C@H](NCc3cccc(Br)c3)[C@@H]3CC[C@H]2N3)cc1,CHEMBL4442042
COc1cc2c(cc1OCCc1cccc3ccccc13)C1CCC2N1,CHEMBL4532413
c1ccc2c(CCOc3cc4c(cc3CCCSc3nc5ccccc5s3)C3CCC4N3)cccc2c1,CHEMBL4543723
c1ccc2c(CCOc3cc4c(cc3OCCSc3nc5ccccc5s3)C3CCC4N3)cccc2c1,CHEMBL4529998
Clc1ccc2sc(SCCCc3cc4c(cc3OCCc3cccc5ccccc35)C3CCC4N3)nc2c1,CHEMBL4438283
c1ccc(-c2nnc(SCCOc3cc4c(cc3OCCc3cccc5ccccc35)C3CCC4N3)o2)cc1,CHEMBL4470111
c1ccc(NNc2ccccc2)cc1,CHEMBL558459
c1cc(NNc2ccncc2)ccn1,CHEMBL4455398
CCCC(=O)NN,CHEMBL4458461
COc1ccccc1C(=O)NN,CHEMBL3237776
CC(=O)N1CC2CC(c3ccc(CCOc4ccccc4C(C)(C)C)cc3)=C(C(=O)N(C)CCc3ccccc3)C(C1)N2,CHEMBL4459276
CC(=O)N1CC2CC(c3ccc(CCOc4ccccc4C(C)C)cc3)=C(C(=O)N(C)CCc3ccccc3)C(C1)N2,CHEMBL4536043
COc1cccc(OCCc2ccc(C3=C(C(=O)N(C)CCc4ccccc4)C4CN(C(C)=O)CC(C3)N4)cc2)c1,CHEMBL4439654
CC(=O)N1CC2CC(c3ccc(CCOc4cccc(Cl)c4)cc3)=C(C(=O)N(C)CCc3ccccc3)C(C1)N2,CHEMBL4520702
CC(=O)N1CC2CC(c3ccc(CCOc4ccccc4Cl)cc3)=C(C(=O)N(C)CCc3ccccc3)C(C1)N2,CHEMBL4582671
CC(=O)N1CC2CC(c3ccc(CCOc4ccc(C)cc4C(C)(C)C)cc3)=C(C(=O)N(C)CCc3ccccc3)C(C1)N2,CHEMBL4483470
CCCCCN(CCCCC)CC(O)c1cc2c(c3ccccc13)CCCC2,CHEMBL4581864
CC(C)CCCN(CCCC(C)C)CC(O)c1cc2c(c3ccccc13)CCCC2,CHEMBL4558605
CCCCc1ccc(S(=O)(=O)C2C3CCC(N3)C2NCc2ccc3ccccc3c2)cc1,CHEMBL4590673
CCCCCc1ccc(S(=O)(=O)C2C3CCC(N3)C2NCc2ccc3ccccc3c2)cc1,CHEMBL4472299
CCCCCCc1ccc(S(=O)(=O)C2C3CCC(N3)C2NCc2ccc3ccccc3c2)cc1,CHEMBL4541926
CCCCCCCc1ccc(S(=O)(=O)C2C3CCC(N3)C2NCc2ccc3ccccc3c2)cc1,CHEMBL4585628
CCCCCCCCc1ccc(S(=O)(=O)C2C3CCC(N3)C2NCc2ccc3ccccc3c2)cc1,CHEMBL4578117
CCCCCCCCCc1ccc(S(=O)(=O)C2C3CCC(N3)C2NCc2ccc3ccccc3c2)cc1,CHEMBL4552145
CCCCCCCCCCc1ccc(S(=O)(=O)C2C3CCC(N3)C2NCc2ccc3ccccc3c2)cc1,CHEMBL4553173
CCCCCCCCCCCc1ccc(S(=O)(=O)C2C3CCC(N3)C2NCc2ccc3ccccc3c2)cc1,CHEMBL4554580
O=S(=O)(c1ccc(CCCCC2CCCCC2)cc1)C1C2CCC(N2)C1NCc1ccc2ccccc2c1,CHEMBL4456617
O=S(=O)(c1ccc(CCCCC2CCCC2)cc1)C1C2CCC(N2)C1NCc1ccc2ccccc2c1,CHEMBL4436986
O=S(=O)(c1ccc(CCCCC2CCC2)cc1)C1C2CCC(N2)C1NCc1ccc2ccccc2c1,CHEMBL4457677
CC(C)CCCCc1ccc(S(=O)(=O)C2C3CCC(N3)C2NCc2ccc3ccccc3c2)cc1,CHEMBL4456145
NNC(=O)c1ccccc1[N+](=O)[O-],CHEMBL121769
NNC(=O)C(c1ccccc1)c1ccccc1,CHEMBL4530776
Cc1cccc(C)c1OCC(=O)N[C@@H](Cc1ccccc1)[C@H](O)C(=O)N1CSC(C)(C)[C@@H]1C(=O)N[C@H]1c2ccccc2C[C@H]1O,CHEMBL4516552
CCCCCc1ccc(C(=O)N(Cc2ccc(-c3cccnc3)cc2)C2CCN(Cc3ccc(O)cc3)CC2)cc1,CHEMBL4531967
CCCCCc1ccc(C(=O)N(Cc2ccc(-c3cccnc3)cc2)C2CCN(CCC(C)C)CC2)cc1,CHEMBL4458921
CCCCCc1ccc(C(=O)N(Cc2ccc(-c3ccc(CC(=O)OC)cc3)cc2)C2CCN(Cc3ncc[nH]3)CC2)cc1,CHEMBL1233569
CCCCCc1ccc(C(=O)N(Cc2ccc(NC(=O)c3cc4ccccc4s3)cc2)C2CCN(CCC(C)C)CC2)cc1,CHEMBL4470715
CCCCCc1ccc(C(=O)N(Cc2ccc(N(C)c3ccncc3)cc2)C2CCN(CCC(C)C)CC2)cc1,CHEMBL1230705
CCCCCc1ccc(C(=O)N(Cc2ccc(Nc3cc(C)nc4ccccc34)cc2)C2CCN(CCC(C)C)CC2)cc1,CHEMBL4543535
CCCCCc1ccc(C(=O)N(Cc2ccc(-c3cc(Cl)ccc3Cl)o2)C2CCN(CCC(C)C)CC2)cc1,CHEMBL4530972
CCCCCc1ccc(C(=O)N(Cc2ccc(-c3ccc(Cl)c(Cl)c3)o2)C2CCN(CCC(C)C)CC2)cc1,CHEMBL4537622
N=C(N)c1ccc(NC(=O)Nc2ccc(Oc3ccccc3)cc2)cc1,CHEMBL1233097
CCCCCc1ccc(N(C[C@@H]2CCC(=O)C(F)(F)C2)C(=O)Cc2ccc3ccccc3c2)cc1,CHEMBL4469961
c1ccc2cc(COC3C4CCC(N4)C3Oc3ccc(OCCSc4nc5ccccc5s4)cc3)ccc2c1,CHEMBL4581955
Clc1ccc2sc(SCCCc3ccc(OC4C5CCC(N5)C4OCc4ccc5ccccc5c4)cc3)nc2c1,CHEMBL4448566
CCCCCCc1ccc(S(=O)(=O)C2C3CCC(N3)C2NCc2ccc3ccccc3c2)cc1,CHEMBL4541926
CCCCCc1ccc(S(=O)(=O)C2C3NC(CC3CNC3CCCC3)C2NCc2ccc3ccccc3c2)cc1,CHEMBL4556003
Nc1ccc(C(=O)CCC2CNCC=C(COC(=O)c3ccc4ccccc4c3)C2)cc1,CHEMBL4554448
CCCCN(CCCC)CC(O)c1cc(Cl)cc2cc(-c3ccc(Cl)c(Cl)c3)ccc12,CHEMBL4435432
CCCCCc1ccc(-c2cc(CCC(=O)O)c3c(=O)n(CC4CCCO4)c(N)nc3c2)cc1,CHEMBL4225824
O=C(Cc1ccccc1)N(Cc1ccccc1)C1CNCC1N(Cc1ccccc1)C(=O)Cc1ccccc1,CHEMBL4518375
COC(=O)CCCC(=O)N1CC2CC(c3ccc(CCCOc4cc(F)ccc4Br)cc3)=C(C(=O)N(Cc3ccccc3)C3CC3)C(C1)N2,CHEMBL4440178
Cc1ccc2c(NNC(=O)c3ccccc3O)c3ccccc3nc2c1C,CHEMBL257594
c1ccc(NNc2ccccc2)cc1,CHEMBL558459
NNC(=O)c1ccccc1[N+](=O)[O-],CHEMBL121769
CCCCCc1ccc(C(=O)N(CCCc2ccccc2)C2CCN(Cc3ccccc3)CC2)cc1,CHEMBL221276
CCCCCc1ccc(C(=O)N(Cc2ccc(-c3ccccc3)cc2)C2CCN(Cc3ccccc3)CC2)cc1,CHEMBL4576880
CCCCCc1ccc(C(=O)N(Cc2ccc(-c3ccc(C#N)cc3)cc2)C2CCN(Cc3ccccc3)CC2)cc1,CHEMBL4587814
CCCCCc1ccc(C(=O)N(Cc2ccc(-c3ccc(OC)c(OC)c3)cc2)C2CCN(Cc3ccccc3)CC2)cc1,CHEMBL4526421
CCCCCc1ccc(C(=O)N(Cc2ccc(-c3ccc(OC)cc3)cc2)C2CCN(CCC(C)C)CC2)cc1,CHEMBL4580614
CCCCCc1ccc(C(=O)N(Cc2ccc(-c3ccc(OC)c(OC)c3)cc2)C2CCN(CCC(C)C)CC2)cc1,CHEMBL4444927
CCCCCc1ccc(C(=O)N(CCN2CCOCC2)Cc2ccc(C(F)(F)F)cc2)cc1,CHEMBL4461109
CCCCCc1ccc(C(=O)N(CCN2CCCCC2)Cc2ccc(C(F)(F)F)cc2)cc1,CHEMBL219895
CCCCCc1ccc(C(=O)N(CCN(CCCC)CCCCC)Cc2ccc(-c3ccc4c(c3)OCO4)cc2)cc1,CHEMBL4515953
CCCCCc1ccc(C(=O)N(CCN(CCCC)CCCCC)Cc2ccc(Nc3ccncc3)cc2)cc1,CHEMBL4460760
CC(C)C[C@H](NC(=O)[C@H](CCl)NC(=O)C[C@H](O)[C@H](Cc1ccccc1)NC(=O)[C@@H](NC(=O)c1ccccn1)C(C)C)C(N)=O,CHEMBL1098668
CC(C)C[C@H](NC(=O)[C@H](CC#N)NC(=O)C[C@H](O)[C@H](Cc1ccccc1)NC(=O)[C@@H](NC(=O)c1ccccn1)C(C)C)C(N)=O,CHEMBL1098669
C#CC[C@H](NC(=O)C[C@H](O)[C@H](Cc1ccccc1)NC(=O)[C@@H](NC(=O)c1ccccn1)C(C)C)C(=O)N[C@@H](CC(C)C)C(N)=O,CHEMBL1098670
C#CCNC(=O)[C@H](Cc1ccccc1)NC(=O)C[C@H](O)[C@H](Cc1ccccc1)NC(=O)[C@@H](NC(=O)c1ccccn1)C(C)C,CHEMBL1098671
Cc1ccc(CNC(=O)[C@@H]2CNC[C@H]2c2ccc(C(F)(F)F)cc2)cc1,CHEMBL4536433
CN(C)c1ccc(CNC(=O)[C@H]2CNC[C@@H]2c2ccc(C(F)(F)F)cc2)cc1,CHEMBL4435264
CCN(CC)c1ccc(CNC(=O)[C@@H]2CNC[C@H]2c2ccc(C(F)(F)F)cc2)cc1,CHEMBL4515188
CN(C)c1ccc(CNC(=O)[C@@H]2CNC[C@H]2c2ccc(C(F)(F)F)c(F)c2)cc1,CHEMBL4483725
CN(C)c1ccc(CNC(=O)[C@@H]2CNC[C@H]2c2ccc(C(F)(F)F)c(Cl)c2)cc1,CHEMBL4567098
CN(C)c1ccc(CNC(=O)[C@@H]2CNC[C@H]2c2ccc(Oc3ccccc3)cc2)cc1,CHEMBL4453475
CN(C)c1ccc(CNC(=O)[C@H]2CNC[C@@H]2c2ccc(C(F)(F)F)nc2)cc1,CHEMBL4475207
Nc1nc2cc(-c3ccc(CCCc4ccccc4)cc3)ccc2c(=O)n1CC1CCC(c2ccccc2)O1,CHEMBL5180448
CCCCCc1ccc(-c2cc(CCC(=O)O)c3c(=O)n(CC4CCCO4)c(N)nc3c2)cc1,CHEMBL4225824
CCCCCc1ccc(-c2cc(-c3ccc(C(=O)O)cc3)c3c(=O)n(CC4CCC(c5ccccc5)O4)c(N)nc3c2)cc1,CHEMBL5194332
Nc1nc2cc(-c3ccc(CCCc4ccccc4)cc3)cc(CCC(=O)O)c2c(=O)n1CC1CCCO1,CHEMBL4228072
